name,name2,state,vote,party,state2,vote2,party2,cross_party,storm,sharevote
Barbara Mikulski,Benjamin Cardin,MD,1,Democrat,MD,1,Democrat,1,1,1
Barbara Mikulski,Charles “Chuck” Schumer,MD,1,Democrat,NY,1,Democrat,1,1,1
Barbara Mikulski,Christopher Coons,MD,1,Democrat,DE,1,Democrat,1,1,1
Barbara Mikulski,Christopher Murphy,MD,1,Democrat,CT,1,Democrat,1,1,1
Barbara Mikulski,Elizabeth Warren,MD,1,Democrat,MA,1,Democrat,1,1,1
Barbara Mikulski,Frank Lautenberg,MD,1,Democrat,NJ,1,Democrat,1,1,1
Barbara Mikulski,Jeanne Shaheen,MD,1,Democrat,NH,1,Democrat,1,1,1
Barbara Mikulski,Joe Manchin,MD,1,Democrat,WV,1,Democrat,1,1,1
Barbara Mikulski,John “Jay” Rockefeller,MD,1,Democrat,WV,1,Democrat,1,1,1
Barbara Mikulski,John F. “Jack” Reed,MD,1,Democrat,RI,1,Democrat,1,1,1
Barbara Mikulski,John Kerry,MD,1,Democrat,MA,1,Democrat,1,1,1
Barbara Mikulski,Kirsten Gillibrand,MD,1,Democrat,NY,1,Democrat,1,1,1
Barbara Mikulski,Maria Cantwell,MD,1,Democrat,WA,1,Democrat,1,1,1
Barbara Mikulski,Richard Blumenthal,MD,1,Democrat,CT,1,Democrat,1,1,1
Barbara Mikulski,Robert “Bob” Casey,MD,1,Democrat,PA,1,Democrat,1,1,1
Barbara Mikulski,Robert “Bob” Menendez,MD,1,Democrat,NJ,1,Democrat,1,1,1
Barbara Mikulski,Sheldon Whitehouse,MD,1,Democrat,RI,1,Democrat,1,1,1
Barbara Mikulski,Thomas Carper,MD,1,Democrat,DE,1,Democrat,1,1,1
Benjamin Cardin,Barbara Mikulski,MD,1,Democrat,MD,1,Democrat,1,1,1
Benjamin Cardin,Charles “Chuck” Schumer,MD,1,Democrat,NY,1,Democrat,1,1,1
Benjamin Cardin,Christopher Coons,MD,1,Democrat,DE,1,Democrat,1,1,1
Benjamin Cardin,Christopher Murphy,MD,1,Democrat,CT,1,Democrat,1,1,1
Benjamin Cardin,Elizabeth Warren,MD,1,Democrat,MA,1,Democrat,1,1,1
Benjamin Cardin,Frank Lautenberg,MD,1,Democrat,NJ,1,Democrat,1,1,1
Benjamin Cardin,Jeanne Shaheen,MD,1,Democrat,NH,1,Democrat,1,1,1
Benjamin Cardin,Joe Manchin,MD,1,Democrat,WV,1,Democrat,1,1,1
Benjamin Cardin,John “Jay” Rockefeller,MD,1,Democrat,WV,1,Democrat,1,1,1
Benjamin Cardin,John F. “Jack” Reed,MD,1,Democrat,RI,1,Democrat,1,1,1
Benjamin Cardin,John Kerry,MD,1,Democrat,MA,1,Democrat,1,1,1
Benjamin Cardin,Kirsten Gillibrand,MD,1,Democrat,NY,1,Democrat,1,1,1
Benjamin Cardin,Maria Cantwell,MD,1,Democrat,WA,1,Democrat,1,1,1
Benjamin Cardin,Richard Blumenthal,MD,1,Democrat,CT,1,Democrat,1,1,1
Benjamin Cardin,Robert “Bob” Casey,MD,1,Democrat,PA,1,Democrat,1,1,1
Benjamin Cardin,Robert “Bob” Menendez,MD,1,Democrat,NJ,1,Democrat,1,1,1
Benjamin Cardin,Sheldon Whitehouse,MD,1,Democrat,RI,1,Democrat,1,1,1
Benjamin Cardin,Thomas Carper,MD,1,Democrat,DE,1,Democrat,1,1,1
Charles “Chuck” Schumer,Barbara Mikulski,NY,1,Democrat,MD,1,Democrat,1,1,1
Charles “Chuck” Schumer,Benjamin Cardin,NY,1,Democrat,MD,1,Democrat,1,1,1
Charles “Chuck” Schumer,Christopher Coons,NY,1,Democrat,DE,1,Democrat,1,1,1
Charles “Chuck” Schumer,Christopher Murphy,NY,1,Democrat,CT,1,Democrat,1,1,1
Charles “Chuck” Schumer,Elizabeth Warren,NY,1,Democrat,MA,1,Democrat,1,1,1
Charles “Chuck” Schumer,Frank Lautenberg,NY,1,Democrat,NJ,1,Democrat,1,1,1
Charles “Chuck” Schumer,Jeanne Shaheen,NY,1,Democrat,NH,1,Democrat,1,1,1
Charles “Chuck” Schumer,Joe Manchin,NY,1,Democrat,WV,1,Democrat,1,1,1
Charles “Chuck” Schumer,John “Jay” Rockefeller,NY,1,Democrat,WV,1,Democrat,1,1,1
Charles “Chuck” Schumer,John F. “Jack” Reed,NY,1,Democrat,RI,1,Democrat,1,1,1
Charles “Chuck” Schumer,John Kerry,NY,1,Democrat,MA,1,Democrat,1,1,1
Charles “Chuck” Schumer,Kirsten Gillibrand,NY,1,Democrat,NY,1,Democrat,1,1,1
Charles “Chuck” Schumer,Maria Cantwell,NY,1,Democrat,WA,1,Democrat,1,1,1
Charles “Chuck” Schumer,Richard Blumenthal,NY,1,Democrat,CT,1,Democrat,1,1,1
Charles “Chuck” Schumer,Robert “Bob” Casey,NY,1,Democrat,PA,1,Democrat,1,1,1
Charles “Chuck” Schumer,Robert “Bob” Menendez,NY,1,Democrat,NJ,1,Democrat,1,1,1
Charles “Chuck” Schumer,Sheldon Whitehouse,NY,1,Democrat,RI,1,Democrat,1,1,1
Charles “Chuck” Schumer,Thomas Carper,NY,1,Democrat,DE,1,Democrat,1,1,1
Christopher Coons,Barbara Mikulski,DE,1,Democrat,MD,1,Democrat,1,1,1
Christopher Coons,Benjamin Cardin,DE,1,Democrat,MD,1,Democrat,1,1,1
Christopher Coons,Charles “Chuck” Schumer,DE,1,Democrat,NY,1,Democrat,1,1,1
Christopher Coons,Christopher Murphy,DE,1,Democrat,CT,1,Democrat,1,1,1
Christopher Coons,Elizabeth Warren,DE,1,Democrat,MA,1,Democrat,1,1,1
Christopher Coons,Frank Lautenberg,DE,1,Democrat,NJ,1,Democrat,1,1,1
Christopher Coons,Jeanne Shaheen,DE,1,Democrat,NH,1,Democrat,1,1,1
Christopher Coons,Joe Manchin,DE,1,Democrat,WV,1,Democrat,1,1,1
Christopher Coons,John “Jay” Rockefeller,DE,1,Democrat,WV,1,Democrat,1,1,1
Christopher Coons,John F. “Jack” Reed,DE,1,Democrat,RI,1,Democrat,1,1,1
Christopher Coons,John Kerry,DE,1,Democrat,MA,1,Democrat,1,1,1
Christopher Coons,Kirsten Gillibrand,DE,1,Democrat,NY,1,Democrat,1,1,1
Christopher Coons,Maria Cantwell,DE,1,Democrat,WA,1,Democrat,1,1,1
Christopher Coons,Richard Blumenthal,DE,1,Democrat,CT,1,Democrat,1,1,1
Christopher Coons,Robert “Bob” Casey,DE,1,Democrat,PA,1,Democrat,1,1,1
Christopher Coons,Robert “Bob” Menendez,DE,1,Democrat,NJ,1,Democrat,1,1,1
Christopher Coons,Sheldon Whitehouse,DE,1,Democrat,RI,1,Democrat,1,1,1
Christopher Coons,Thomas Carper,DE,1,Democrat,DE,1,Democrat,1,1,1
Christopher Murphy,Barbara Mikulski,CT,1,Democrat,MD,1,Democrat,1,1,1
Christopher Murphy,Benjamin Cardin,CT,1,Democrat,MD,1,Democrat,1,1,1
Christopher Murphy,Charles “Chuck” Schumer,CT,1,Democrat,NY,1,Democrat,1,1,1
Christopher Murphy,Christopher Coons,CT,1,Democrat,DE,1,Democrat,1,1,1
Christopher Murphy,Elizabeth Warren,CT,1,Democrat,MA,1,Democrat,1,1,1
Christopher Murphy,Frank Lautenberg,CT,1,Democrat,NJ,1,Democrat,1,1,1
Christopher Murphy,Jeanne Shaheen,CT,1,Democrat,NH,1,Democrat,1,1,1
Christopher Murphy,Joe Manchin,CT,1,Democrat,WV,1,Democrat,1,1,1
Christopher Murphy,John “Jay” Rockefeller,CT,1,Democrat,WV,1,Democrat,1,1,1
Christopher Murphy,John F. “Jack” Reed,CT,1,Democrat,RI,1,Democrat,1,1,1
Christopher Murphy,John Kerry,CT,1,Democrat,MA,1,Democrat,1,1,1
Christopher Murphy,Kirsten Gillibrand,CT,1,Democrat,NY,1,Democrat,1,1,1
Christopher Murphy,Maria Cantwell,CT,1,Democrat,WA,1,Democrat,1,1,1
Christopher Murphy,Richard Blumenthal,CT,1,Democrat,CT,1,Democrat,1,1,1
Christopher Murphy,Robert “Bob” Casey,CT,1,Democrat,PA,1,Democrat,1,1,1
Christopher Murphy,Robert “Bob” Menendez,CT,1,Democrat,NJ,1,Democrat,1,1,1
Christopher Murphy,Sheldon Whitehouse,CT,1,Democrat,RI,1,Democrat,1,1,1
Christopher Murphy,Thomas Carper,CT,1,Democrat,DE,1,Democrat,1,1,1
Elizabeth Warren,Barbara Mikulski,MA,1,Democrat,MD,1,Democrat,1,1,1
Elizabeth Warren,Benjamin Cardin,MA,1,Democrat,MD,1,Democrat,1,1,1
Elizabeth Warren,Charles “Chuck” Schumer,MA,1,Democrat,NY,1,Democrat,1,1,1
Elizabeth Warren,Christopher Coons,MA,1,Democrat,DE,1,Democrat,1,1,1
Elizabeth Warren,Christopher Murphy,MA,1,Democrat,CT,1,Democrat,1,1,1
Elizabeth Warren,Frank Lautenberg,MA,1,Democrat,NJ,1,Democrat,1,1,1
Elizabeth Warren,Jeanne Shaheen,MA,1,Democrat,NH,1,Democrat,1,1,1
Elizabeth Warren,Joe Manchin,MA,1,Democrat,WV,1,Democrat,1,1,1
Elizabeth Warren,John “Jay” Rockefeller,MA,1,Democrat,WV,1,Democrat,1,1,1
Elizabeth Warren,John F. “Jack” Reed,MA,1,Democrat,RI,1,Democrat,1,1,1
Elizabeth Warren,John Kerry,MA,1,Democrat,MA,1,Democrat,1,1,1
Elizabeth Warren,Kirsten Gillibrand,MA,1,Democrat,NY,1,Democrat,1,1,1
Elizabeth Warren,Maria Cantwell,MA,1,Democrat,WA,1,Democrat,1,1,1
Elizabeth Warren,Richard Blumenthal,MA,1,Democrat,CT,1,Democrat,1,1,1
Elizabeth Warren,Robert “Bob” Casey,MA,1,Democrat,PA,1,Democrat,1,1,1
Elizabeth Warren,Robert “Bob” Menendez,MA,1,Democrat,NJ,1,Democrat,1,1,1
Elizabeth Warren,Sheldon Whitehouse,MA,1,Democrat,RI,1,Democrat,1,1,1
Elizabeth Warren,Thomas Carper,MA,1,Democrat,DE,1,Democrat,1,1,1
Frank Lautenberg,Barbara Mikulski,NJ,1,Democrat,MD,1,Democrat,1,1,1
Frank Lautenberg,Benjamin Cardin,NJ,1,Democrat,MD,1,Democrat,1,1,1
Frank Lautenberg,Charles “Chuck” Schumer,NJ,1,Democrat,NY,1,Democrat,1,1,1
Frank Lautenberg,Christopher Coons,NJ,1,Democrat,DE,1,Democrat,1,1,1
Frank Lautenberg,Christopher Murphy,NJ,1,Democrat,CT,1,Democrat,1,1,1
Frank Lautenberg,Elizabeth Warren,NJ,1,Democrat,MA,1,Democrat,1,1,1
Frank Lautenberg,Jeanne Shaheen,NJ,1,Democrat,NH,1,Democrat,1,1,1
Frank Lautenberg,Joe Manchin,NJ,1,Democrat,WV,1,Democrat,1,1,1
Frank Lautenberg,John “Jay” Rockefeller,NJ,1,Democrat,WV,1,Democrat,1,1,1
Frank Lautenberg,John F. “Jack” Reed,NJ,1,Democrat,RI,1,Democrat,1,1,1
Frank Lautenberg,John Kerry,NJ,1,Democrat,MA,1,Democrat,1,1,1
Frank Lautenberg,Kirsten Gillibrand,NJ,1,Democrat,NY,1,Democrat,1,1,1
Frank Lautenberg,Maria Cantwell,NJ,1,Democrat,WA,1,Democrat,1,1,1
Frank Lautenberg,Richard Blumenthal,NJ,1,Democrat,CT,1,Democrat,1,1,1
Frank Lautenberg,Robert “Bob” Casey,NJ,1,Democrat,PA,1,Democrat,1,1,1
Frank Lautenberg,Robert “Bob” Menendez,NJ,1,Democrat,NJ,1,Democrat,1,1,1
Frank Lautenberg,Sheldon Whitehouse,NJ,1,Democrat,RI,1,Democrat,1,1,1
Frank Lautenberg,Thomas Carper,NJ,1,Democrat,DE,1,Democrat,1,1,1
Jeanne Shaheen,Barbara Mikulski,NH,1,Democrat,MD,1,Democrat,1,1,1
Jeanne Shaheen,Benjamin Cardin,NH,1,Democrat,MD,1,Democrat,1,1,1
Jeanne Shaheen,Charles “Chuck” Schumer,NH,1,Democrat,NY,1,Democrat,1,1,1
Jeanne Shaheen,Christopher Coons,NH,1,Democrat,DE,1,Democrat,1,1,1
Jeanne Shaheen,Christopher Murphy,NH,1,Democrat,CT,1,Democrat,1,1,1
Jeanne Shaheen,Elizabeth Warren,NH,1,Democrat,MA,1,Democrat,1,1,1
Jeanne Shaheen,Frank Lautenberg,NH,1,Democrat,NJ,1,Democrat,1,1,1
Jeanne Shaheen,Joe Manchin,NH,1,Democrat,WV,1,Democrat,1,1,1
Jeanne Shaheen,John “Jay” Rockefeller,NH,1,Democrat,WV,1,Democrat,1,1,1
Jeanne Shaheen,John F. “Jack” Reed,NH,1,Democrat,RI,1,Democrat,1,1,1
Jeanne Shaheen,John Kerry,NH,1,Democrat,MA,1,Democrat,1,1,1
Jeanne Shaheen,Kirsten Gillibrand,NH,1,Democrat,NY,1,Democrat,1,1,1
Jeanne Shaheen,Maria Cantwell,NH,1,Democrat,WA,1,Democrat,1,1,1
Jeanne Shaheen,Richard Blumenthal,NH,1,Democrat,CT,1,Democrat,1,1,1
Jeanne Shaheen,Robert “Bob” Casey,NH,1,Democrat,PA,1,Democrat,1,1,1
Jeanne Shaheen,Robert “Bob” Menendez,NH,1,Democrat,NJ,1,Democrat,1,1,1
Jeanne Shaheen,Sheldon Whitehouse,NH,1,Democrat,RI,1,Democrat,1,1,1
Jeanne Shaheen,Thomas Carper,NH,1,Democrat,DE,1,Democrat,1,1,1
Joe Manchin,Barbara Mikulski,WV,1,Democrat,MD,1,Democrat,1,1,1
Joe Manchin,Benjamin Cardin,WV,1,Democrat,MD,1,Democrat,1,1,1
Joe Manchin,Charles “Chuck” Schumer,WV,1,Democrat,NY,1,Democrat,1,1,1
Joe Manchin,Christopher Coons,WV,1,Democrat,DE,1,Democrat,1,1,1
Joe Manchin,Christopher Murphy,WV,1,Democrat,CT,1,Democrat,1,1,1
Joe Manchin,Elizabeth Warren,WV,1,Democrat,MA,1,Democrat,1,1,1
Joe Manchin,Frank Lautenberg,WV,1,Democrat,NJ,1,Democrat,1,1,1
Joe Manchin,Jeanne Shaheen,WV,1,Democrat,NH,1,Democrat,1,1,1
Joe Manchin,John “Jay” Rockefeller,WV,1,Democrat,WV,1,Democrat,1,1,1
Joe Manchin,John F. “Jack” Reed,WV,1,Democrat,RI,1,Democrat,1,1,1
Joe Manchin,John Kerry,WV,1,Democrat,MA,1,Democrat,1,1,1
Joe Manchin,Kirsten Gillibrand,WV,1,Democrat,NY,1,Democrat,1,1,1
Joe Manchin,Maria Cantwell,WV,1,Democrat,WA,1,Democrat,1,1,1
Joe Manchin,Richard Blumenthal,WV,1,Democrat,CT,1,Democrat,1,1,1
Joe Manchin,Robert “Bob” Casey,WV,1,Democrat,PA,1,Democrat,1,1,1
Joe Manchin,Robert “Bob” Menendez,WV,1,Democrat,NJ,1,Democrat,1,1,1
Joe Manchin,Sheldon Whitehouse,WV,1,Democrat,RI,1,Democrat,1,1,1
Joe Manchin,Thomas Carper,WV,1,Democrat,DE,1,Democrat,1,1,1
John “Jay” Rockefeller,Barbara Mikulski,WV,1,Democrat,MD,1,Democrat,1,1,1
John “Jay” Rockefeller,Benjamin Cardin,WV,1,Democrat,MD,1,Democrat,1,1,1
John “Jay” Rockefeller,Charles “Chuck” Schumer,WV,1,Democrat,NY,1,Democrat,1,1,1
John “Jay” Rockefeller,Christopher Coons,WV,1,Democrat,DE,1,Democrat,1,1,1
John “Jay” Rockefeller,Christopher Murphy,WV,1,Democrat,CT,1,Democrat,1,1,1
John “Jay” Rockefeller,Elizabeth Warren,WV,1,Democrat,MA,1,Democrat,1,1,1
John “Jay” Rockefeller,Frank Lautenberg,WV,1,Democrat,NJ,1,Democrat,1,1,1
John “Jay” Rockefeller,Jeanne Shaheen,WV,1,Democrat,NH,1,Democrat,1,1,1
John “Jay” Rockefeller,Joe Manchin,WV,1,Democrat,WV,1,Democrat,1,1,1
John “Jay” Rockefeller,John F. “Jack” Reed,WV,1,Democrat,RI,1,Democrat,1,1,1
John “Jay” Rockefeller,John Kerry,WV,1,Democrat,MA,1,Democrat,1,1,1
John “Jay” Rockefeller,Kirsten Gillibrand,WV,1,Democrat,NY,1,Democrat,1,1,1
John “Jay” Rockefeller,Maria Cantwell,WV,1,Democrat,WA,1,Democrat,1,1,1
John “Jay” Rockefeller,Richard Blumenthal,WV,1,Democrat,CT,1,Democrat,1,1,1
John “Jay” Rockefeller,Robert “Bob” Casey,WV,1,Democrat,PA,1,Democrat,1,1,1
John “Jay” Rockefeller,Robert “Bob” Menendez,WV,1,Democrat,NJ,1,Democrat,1,1,1
John “Jay” Rockefeller,Sheldon Whitehouse,WV,1,Democrat,RI,1,Democrat,1,1,1
John “Jay” Rockefeller,Thomas Carper,WV,1,Democrat,DE,1,Democrat,1,1,1
John F. “Jack” Reed,Barbara Mikulski,RI,1,Democrat,MD,1,Democrat,1,1,1
John F. “Jack” Reed,Benjamin Cardin,RI,1,Democrat,MD,1,Democrat,1,1,1
John F. “Jack” Reed,Charles “Chuck” Schumer,RI,1,Democrat,NY,1,Democrat,1,1,1
John F. “Jack” Reed,Christopher Coons,RI,1,Democrat,DE,1,Democrat,1,1,1
John F. “Jack” Reed,Christopher Murphy,RI,1,Democrat,CT,1,Democrat,1,1,1
John F. “Jack” Reed,Elizabeth Warren,RI,1,Democrat,MA,1,Democrat,1,1,1
John F. “Jack” Reed,Frank Lautenberg,RI,1,Democrat,NJ,1,Democrat,1,1,1
John F. “Jack” Reed,Jeanne Shaheen,RI,1,Democrat,NH,1,Democrat,1,1,1
John F. “Jack” Reed,Joe Manchin,RI,1,Democrat,WV,1,Democrat,1,1,1
John F. “Jack” Reed,John “Jay” Rockefeller,RI,1,Democrat,WV,1,Democrat,1,1,1
John F. “Jack” Reed,John Kerry,RI,1,Democrat,MA,1,Democrat,1,1,1
John F. “Jack” Reed,Kirsten Gillibrand,RI,1,Democrat,NY,1,Democrat,1,1,1
John F. “Jack” Reed,Maria Cantwell,RI,1,Democrat,WA,1,Democrat,1,1,1
John F. “Jack” Reed,Richard Blumenthal,RI,1,Democrat,CT,1,Democrat,1,1,1
John F. “Jack” Reed,Robert “Bob” Casey,RI,1,Democrat,PA,1,Democrat,1,1,1
John F. “Jack” Reed,Robert “Bob” Menendez,RI,1,Democrat,NJ,1,Democrat,1,1,1
John F. “Jack” Reed,Sheldon Whitehouse,RI,1,Democrat,RI,1,Democrat,1,1,1
John F. “Jack” Reed,Thomas Carper,RI,1,Democrat,DE,1,Democrat,1,1,1
John Kerry,Barbara Mikulski,MA,1,Democrat,MD,1,Democrat,1,1,1
John Kerry,Benjamin Cardin,MA,1,Democrat,MD,1,Democrat,1,1,1
John Kerry,Charles “Chuck” Schumer,MA,1,Democrat,NY,1,Democrat,1,1,1
John Kerry,Christopher Coons,MA,1,Democrat,DE,1,Democrat,1,1,1
John Kerry,Christopher Murphy,MA,1,Democrat,CT,1,Democrat,1,1,1
John Kerry,Elizabeth Warren,MA,1,Democrat,MA,1,Democrat,1,1,1
John Kerry,Frank Lautenberg,MA,1,Democrat,NJ,1,Democrat,1,1,1
John Kerry,Jeanne Shaheen,MA,1,Democrat,NH,1,Democrat,1,1,1
John Kerry,Joe Manchin,MA,1,Democrat,WV,1,Democrat,1,1,1
John Kerry,John “Jay” Rockefeller,MA,1,Democrat,WV,1,Democrat,1,1,1
John Kerry,John F. “Jack” Reed,MA,1,Democrat,RI,1,Democrat,1,1,1
John Kerry,Kirsten Gillibrand,MA,1,Democrat,NY,1,Democrat,1,1,1
John Kerry,Maria Cantwell,MA,1,Democrat,WA,1,Democrat,1,1,1
John Kerry,Richard Blumenthal,MA,1,Democrat,CT,1,Democrat,1,1,1
John Kerry,Robert “Bob” Casey,MA,1,Democrat,PA,1,Democrat,1,1,1
John Kerry,Robert “Bob” Menendez,MA,1,Democrat,NJ,1,Democrat,1,1,1
John Kerry,Sheldon Whitehouse,MA,1,Democrat,RI,1,Democrat,1,1,1
John Kerry,Thomas Carper,MA,1,Democrat,DE,1,Democrat,1,1,1
Kirsten Gillibrand,Barbara Mikulski,NY,1,Democrat,MD,1,Democrat,1,1,1
Kirsten Gillibrand,Benjamin Cardin,NY,1,Democrat,MD,1,Democrat,1,1,1
Kirsten Gillibrand,Charles “Chuck” Schumer,NY,1,Democrat,NY,1,Democrat,1,1,1
Kirsten Gillibrand,Christopher Coons,NY,1,Democrat,DE,1,Democrat,1,1,1
Kirsten Gillibrand,Christopher Murphy,NY,1,Democrat,CT,1,Democrat,1,1,1
Kirsten Gillibrand,Elizabeth Warren,NY,1,Democrat,MA,1,Democrat,1,1,1
Kirsten Gillibrand,Frank Lautenberg,NY,1,Democrat,NJ,1,Democrat,1,1,1
Kirsten Gillibrand,Jeanne Shaheen,NY,1,Democrat,NH,1,Democrat,1,1,1
Kirsten Gillibrand,Joe Manchin,NY,1,Democrat,WV,1,Democrat,1,1,1
Kirsten Gillibrand,John “Jay” Rockefeller,NY,1,Democrat,WV,1,Democrat,1,1,1
Kirsten Gillibrand,John F. “Jack” Reed,NY,1,Democrat,RI,1,Democrat,1,1,1
Kirsten Gillibrand,John Kerry,NY,1,Democrat,MA,1,Democrat,1,1,1
Kirsten Gillibrand,Maria Cantwell,NY,1,Democrat,WA,1,Democrat,1,1,1
Kirsten Gillibrand,Richard Blumenthal,NY,1,Democrat,CT,1,Democrat,1,1,1
Kirsten Gillibrand,Robert “Bob” Casey,NY,1,Democrat,PA,1,Democrat,1,1,1
Kirsten Gillibrand,Robert “Bob” Menendez,NY,1,Democrat,NJ,1,Democrat,1,1,1
Kirsten Gillibrand,Sheldon Whitehouse,NY,1,Democrat,RI,1,Democrat,1,1,1
Kirsten Gillibrand,Thomas Carper,NY,1,Democrat,DE,1,Democrat,1,1,1
Maria Cantwell,Barbara Mikulski,WA,1,Democrat,MD,1,Democrat,1,1,1
Maria Cantwell,Benjamin Cardin,WA,1,Democrat,MD,1,Democrat,1,1,1
Maria Cantwell,Charles “Chuck” Schumer,WA,1,Democrat,NY,1,Democrat,1,1,1
Maria Cantwell,Christopher Coons,WA,1,Democrat,DE,1,Democrat,1,1,1
Maria Cantwell,Christopher Murphy,WA,1,Democrat,CT,1,Democrat,1,1,1
Maria Cantwell,Elizabeth Warren,WA,1,Democrat,MA,1,Democrat,1,1,1
Maria Cantwell,Frank Lautenberg,WA,1,Democrat,NJ,1,Democrat,1,1,1
Maria Cantwell,Jeanne Shaheen,WA,1,Democrat,NH,1,Democrat,1,1,1
Maria Cantwell,Joe Manchin,WA,1,Democrat,WV,1,Democrat,1,1,1
Maria Cantwell,John “Jay” Rockefeller,WA,1,Democrat,WV,1,Democrat,1,1,1
Maria Cantwell,John F. “Jack” Reed,WA,1,Democrat,RI,1,Democrat,1,1,1
Maria Cantwell,John Kerry,WA,1,Democrat,MA,1,Democrat,1,1,1
Maria Cantwell,Kirsten Gillibrand,WA,1,Democrat,NY,1,Democrat,1,1,1
Maria Cantwell,Richard Blumenthal,WA,1,Democrat,CT,1,Democrat,1,1,1
Maria Cantwell,Robert “Bob” Casey,WA,1,Democrat,PA,1,Democrat,1,1,1
Maria Cantwell,Robert “Bob” Menendez,WA,1,Democrat,NJ,1,Democrat,1,1,1
Maria Cantwell,Sheldon Whitehouse,WA,1,Democrat,RI,1,Democrat,1,1,1
Maria Cantwell,Thomas Carper,WA,1,Democrat,DE,1,Democrat,1,1,1
Richard Blumenthal,Barbara Mikulski,CT,1,Democrat,MD,1,Democrat,1,1,1
Richard Blumenthal,Benjamin Cardin,CT,1,Democrat,MD,1,Democrat,1,1,1
Richard Blumenthal,Charles “Chuck” Schumer,CT,1,Democrat,NY,1,Democrat,1,1,1
Richard Blumenthal,Christopher Coons,CT,1,Democrat,DE,1,Democrat,1,1,1
Richard Blumenthal,Christopher Murphy,CT,1,Democrat,CT,1,Democrat,1,1,1
Richard Blumenthal,Elizabeth Warren,CT,1,Democrat,MA,1,Democrat,1,1,1
Richard Blumenthal,Frank Lautenberg,CT,1,Democrat,NJ,1,Democrat,1,1,1
Richard Blumenthal,Jeanne Shaheen,CT,1,Democrat,NH,1,Democrat,1,1,1
Richard Blumenthal,Joe Manchin,CT,1,Democrat,WV,1,Democrat,1,1,1
Richard Blumenthal,John “Jay” Rockefeller,CT,1,Democrat,WV,1,Democrat,1,1,1
Richard Blumenthal,John F. “Jack” Reed,CT,1,Democrat,RI,1,Democrat,1,1,1
Richard Blumenthal,John Kerry,CT,1,Democrat,MA,1,Democrat,1,1,1
Richard Blumenthal,Kirsten Gillibrand,CT,1,Democrat,NY,1,Democrat,1,1,1
Richard Blumenthal,Maria Cantwell,CT,1,Democrat,WA,1,Democrat,1,1,1
Richard Blumenthal,Robert “Bob” Casey,CT,1,Democrat,PA,1,Democrat,1,1,1
Richard Blumenthal,Robert “Bob” Menendez,CT,1,Democrat,NJ,1,Democrat,1,1,1
Richard Blumenthal,Sheldon Whitehouse,CT,1,Democrat,RI,1,Democrat,1,1,1
Richard Blumenthal,Thomas Carper,CT,1,Democrat,DE,1,Democrat,1,1,1
Robert “Bob” Casey,Barbara Mikulski,PA,1,Democrat,MD,1,Democrat,1,1,1
Robert “Bob” Casey,Benjamin Cardin,PA,1,Democrat,MD,1,Democrat,1,1,1
Robert “Bob” Casey,Charles “Chuck” Schumer,PA,1,Democrat,NY,1,Democrat,1,1,1
Robert “Bob” Casey,Christopher Coons,PA,1,Democrat,DE,1,Democrat,1,1,1
Robert “Bob” Casey,Christopher Murphy,PA,1,Democrat,CT,1,Democrat,1,1,1
Robert “Bob” Casey,Elizabeth Warren,PA,1,Democrat,MA,1,Democrat,1,1,1
Robert “Bob” Casey,Frank Lautenberg,PA,1,Democrat,NJ,1,Democrat,1,1,1
Robert “Bob” Casey,Jeanne Shaheen,PA,1,Democrat,NH,1,Democrat,1,1,1
Robert “Bob” Casey,Joe Manchin,PA,1,Democrat,WV,1,Democrat,1,1,1
Robert “Bob” Casey,John “Jay” Rockefeller,PA,1,Democrat,WV,1,Democrat,1,1,1
Robert “Bob” Casey,John F. “Jack” Reed,PA,1,Democrat,RI,1,Democrat,1,1,1
Robert “Bob” Casey,John Kerry,PA,1,Democrat,MA,1,Democrat,1,1,1
Robert “Bob” Casey,Kirsten Gillibrand,PA,1,Democrat,NY,1,Democrat,1,1,1
Robert “Bob” Casey,Maria Cantwell,PA,1,Democrat,WA,1,Democrat,1,1,1
Robert “Bob” Casey,Richard Blumenthal,PA,1,Democrat,CT,1,Democrat,1,1,1
Robert “Bob” Casey,Robert “Bob” Menendez,PA,1,Democrat,NJ,1,Democrat,1,1,1
Robert “Bob” Casey,Sheldon Whitehouse,PA,1,Democrat,RI,1,Democrat,1,1,1
Robert “Bob” Casey,Thomas Carper,PA,1,Democrat,DE,1,Democrat,1,1,1
Robert “Bob” Menendez,Barbara Mikulski,NJ,1,Democrat,MD,1,Democrat,1,1,1
Robert “Bob” Menendez,Benjamin Cardin,NJ,1,Democrat,MD,1,Democrat,1,1,1
Robert “Bob” Menendez,Charles “Chuck” Schumer,NJ,1,Democrat,NY,1,Democrat,1,1,1
Robert “Bob” Menendez,Christopher Coons,NJ,1,Democrat,DE,1,Democrat,1,1,1
Robert “Bob” Menendez,Christopher Murphy,NJ,1,Democrat,CT,1,Democrat,1,1,1
Robert “Bob” Menendez,Elizabeth Warren,NJ,1,Democrat,MA,1,Democrat,1,1,1
Robert “Bob” Menendez,Frank Lautenberg,NJ,1,Democrat,NJ,1,Democrat,1,1,1
Robert “Bob” Menendez,Jeanne Shaheen,NJ,1,Democrat,NH,1,Democrat,1,1,1
Robert “Bob” Menendez,Joe Manchin,NJ,1,Democrat,WV,1,Democrat,1,1,1
Robert “Bob” Menendez,John “Jay” Rockefeller,NJ,1,Democrat,WV,1,Democrat,1,1,1
Robert “Bob” Menendez,John F. “Jack” Reed,NJ,1,Democrat,RI,1,Democrat,1,1,1
Robert “Bob” Menendez,John Kerry,NJ,1,Democrat,MA,1,Democrat,1,1,1
Robert “Bob” Menendez,Kirsten Gillibrand,NJ,1,Democrat,NY,1,Democrat,1,1,1
Robert “Bob” Menendez,Maria Cantwell,NJ,1,Democrat,WA,1,Democrat,1,1,1
Robert “Bob” Menendez,Richard Blumenthal,NJ,1,Democrat,CT,1,Democrat,1,1,1
Robert “Bob” Menendez,Robert “Bob” Casey,NJ,1,Democrat,PA,1,Democrat,1,1,1
Robert “Bob” Menendez,Sheldon Whitehouse,NJ,1,Democrat,RI,1,Democrat,1,1,1
Robert “Bob” Menendez,Thomas Carper,NJ,1,Democrat,DE,1,Democrat,1,1,1
Sheldon Whitehouse,Barbara Mikulski,RI,1,Democrat,MD,1,Democrat,1,1,1
Sheldon Whitehouse,Benjamin Cardin,RI,1,Democrat,MD,1,Democrat,1,1,1
Sheldon Whitehouse,Charles “Chuck” Schumer,RI,1,Democrat,NY,1,Democrat,1,1,1
Sheldon Whitehouse,Christopher Coons,RI,1,Democrat,DE,1,Democrat,1,1,1
Sheldon Whitehouse,Christopher Murphy,RI,1,Democrat,CT,1,Democrat,1,1,1
Sheldon Whitehouse,Elizabeth Warren,RI,1,Democrat,MA,1,Democrat,1,1,1
Sheldon Whitehouse,Frank Lautenberg,RI,1,Democrat,NJ,1,Democrat,1,1,1
Sheldon Whitehouse,Jeanne Shaheen,RI,1,Democrat,NH,1,Democrat,1,1,1
Sheldon Whitehouse,Joe Manchin,RI,1,Democrat,WV,1,Democrat,1,1,1
Sheldon Whitehouse,John “Jay” Rockefeller,RI,1,Democrat,WV,1,Democrat,1,1,1
Sheldon Whitehouse,John F. “Jack” Reed,RI,1,Democrat,RI,1,Democrat,1,1,1
Sheldon Whitehouse,John Kerry,RI,1,Democrat,MA,1,Democrat,1,1,1
Sheldon Whitehouse,Kirsten Gillibrand,RI,1,Democrat,NY,1,Democrat,1,1,1
Sheldon Whitehouse,Maria Cantwell,RI,1,Democrat,WA,1,Democrat,1,1,1
Sheldon Whitehouse,Richard Blumenthal,RI,1,Democrat,CT,1,Democrat,1,1,1
Sheldon Whitehouse,Robert “Bob” Casey,RI,1,Democrat,PA,1,Democrat,1,1,1
Sheldon Whitehouse,Robert “Bob” Menendez,RI,1,Democrat,NJ,1,Democrat,1,1,1
Sheldon Whitehouse,Thomas Carper,RI,1,Democrat,DE,1,Democrat,1,1,1
Thomas Carper,Barbara Mikulski,DE,1,Democrat,MD,1,Democrat,1,1,1
Thomas Carper,Benjamin Cardin,DE,1,Democrat,MD,1,Democrat,1,1,1
Thomas Carper,Charles “Chuck” Schumer,DE,1,Democrat,NY,1,Democrat,1,1,1
Thomas Carper,Christopher Coons,DE,1,Democrat,DE,1,Democrat,1,1,1
Thomas Carper,Christopher Murphy,DE,1,Democrat,CT,1,Democrat,1,1,1
Thomas Carper,Elizabeth Warren,DE,1,Democrat,MA,1,Democrat,1,1,1
Thomas Carper,Frank Lautenberg,DE,1,Democrat,NJ,1,Democrat,1,1,1
Thomas Carper,Jeanne Shaheen,DE,1,Democrat,NH,1,Democrat,1,1,1
Thomas Carper,Joe Manchin,DE,1,Democrat,WV,1,Democrat,1,1,1
Thomas Carper,John “Jay” Rockefeller,DE,1,Democrat,WV,1,Democrat,1,1,1
Thomas Carper,John F. “Jack” Reed,DE,1,Democrat,RI,1,Democrat,1,1,1
Thomas Carper,John Kerry,DE,1,Democrat,MA,1,Democrat,1,1,1
Thomas Carper,Kirsten Gillibrand,DE,1,Democrat,NY,1,Democrat,1,1,1
Thomas Carper,Maria Cantwell,DE,1,Democrat,WA,1,Democrat,1,1,1
Thomas Carper,Richard Blumenthal,DE,1,Democrat,CT,1,Democrat,1,1,1
Thomas Carper,Robert “Bob” Casey,DE,1,Democrat,PA,1,Democrat,1,1,1
Thomas Carper,Robert “Bob” Menendez,DE,1,Democrat,NJ,1,Democrat,1,1,1
Thomas Carper,Sheldon Whitehouse,DE,1,Democrat,RI,1,Democrat,1,1,1
